campo1,campo2,campo3,campo4
5451,UZA6Y,TRUE,14/1/1980
-1378,WTH6;,TRUE,14/3/1980
2625,K8RX3,TRUE,2/4/1980
8158,S3LVG,TRUE,3/4/1980
9853,LX@6B,TRUE,23/4/1980
-562,V;Y4T,TRUE,7/5/1980
-9822,KHDC-,TRUE,8/5/1980
7525,VK0EN,TRUE,2/6/1980
-1693,Z;4O;,TRUE,2/6/1980
-9755,LB.P3,TRUE,9/6/1980
-9879,VHPN<,TRUE,3/7/1980
8073,V@IWG,TRUE,9/7/1980
3416,Q?BTY,TRUE,11/7/1980
9202,X>IN.,TRUE,13/7/1980
322,XWA33,TRUE,14/7/1980
5335,L9N0J,TRUE,21/7/1980
2831,K@3/.,TRUE,3/8/1980
990,X7<4V,TRUE,6/8/1980
5257,Z8;Y3,TRUE,6/8/1980
-8218,T@:U;,TRUE,19/8/1980
1682,KX>1F,TRUE,21/8/1980
1535,VYRQV,TRUE,12/9/1980
-9465,O;V1F,TRUE,14/9/1980
-6507,P06:-,TRUE,20/9/1980
-925,LN=8>,TRUE,21/9/1980
975,R4BWP,TRUE,25/9/1980
-2300,S1C/U,TRUE,23/10/1980
-5350,X-IAL,TRUE,10/12/1980
-3778,O5<9Q,TRUE,18/12/1980
-3696,R5.M3,TRUE,21/12/1980
6357,ZKXKF,TRUE,15/2/1981
-6107,P75R5,TRUE,25/2/1981
-7689,SVVE0,TRUE,28/2/1981
765,P.:O0,TRUE,28/3/1981
-4917,N8S74,TRUE,9/4/1981
-6658,P@EGO,TRUE,11/4/1981
9690,YB6>P,TRUE,21/4/1981
9844,ML3/8,TRUE,25/4/1981
876,VHD5U,TRUE,16/5/1981
-9641,W:L79,TRUE,23/5/1981
3218,VLQSO,TRUE,8/8/1981
-5978,Y>PJK,TRUE,9/9/1981
-3700,RD2Z<,TRUE,22/9/1981
-5417,QWXV5,TRUE,23/9/1981
-8709,W6R4O,TRUE,27/10/1981
-1152,W:>D/,TRUE,11/11/1981
1661,M7ML.,TRUE,23/11/1981
-499,KG87V,TRUE,24/11/1981
-8494,Q6/KR,TRUE,6/12/1981
-966,P=692,TRUE,7/12/1981
-2989,OYL<E,TRUE,13/12/1981
4617,P<EV.,TRUE,18/1/1982
-8641,MCPLA,TRUE,23/1/1982
-8174,LZ:?J,TRUE,24/1/1982
5899,NL0CO,TRUE,4/2/1982
341,MW5E4,TRUE,23/3/1982
-300,O5L-8,TRUE,24/3/1982
2009,ZG.2N,TRUE,1/4/1982
-7696,XUHFO,TRUE,23/4/1982
-2137,O/NT0,TRUE,5/5/1982
9712,P4RHI,TRUE,7/7/1982
1034,XCH:0,TRUE,28/7/1982
-6977,U<S<=,TRUE,15/8/1982
3091,ORYLY,TRUE,5/9/1982
9095,X?4UK,TRUE,10/9/1982
-3477,U8V33,TRUE,12/9/1982
-5837,R90UK,TRUE,19/10/1982
7360,P6E;4,TRUE,20/10/1982
-6987,YDQ3J,TRUE,8/11/1982
9489,SN9XD,TRUE,22/11/1982
-4194,SR3VZ,TRUE,13/1/1983
-1148,VGXN9,TRUE,3/2/1983
5649,Q=;7:,TRUE,8/2/1983
8439,TDLFR,TRUE,8/2/1983
3510,PNISW,TRUE,10/3/1983
500,NHZ<O,TRUE,28/3/1983
-3004,W0T0D,TRUE,3/4/1983
-3670,ZEPL<,TRUE,25/5/1983
-6995,KPKKF,TRUE,1/6/1983
-6434,UZM;3,TRUE,13/6/1983
3624,N=A6U,TRUE,12/8/1983
6209,MBIH<,TRUE,20/9/1983
377,YE83B,TRUE,17/10/1983
-1166,T.44O,TRUE,4/11/1983
-3179,T<0AJ,TRUE,4/11/1983
1355,QIQP?,TRUE,25/11/1983
3220,K=RJ0,TRUE,2/12/1983
1723,KFQ>.,TRUE,14/12/1983
1457,TNURH,TRUE,9/1/1984
-5074,QRSD4,TRUE,26/1/1984
-1334,P@G/Y,TRUE,27/1/1984
8009,TS417,TRUE,17/4/1984
-6433,T6DSI,TRUE,20/5/1984
675,WMZ6R,TRUE,21/5/1984
2308,QHVS;,TRUE,3/6/1984
5337,S=YVG,TRUE,5/6/1984
7019,R25PB,TRUE,6/6/1984
-9981,W:JAG,TRUE,25/6/1984
617,WCTSU,TRUE,14/7/1984
6717,WG><P,TRUE,14/7/1984
1510,R?3H2,TRUE,1/8/1984
8596,YIF;D,TRUE,12/8/1984
-3441,YV.7L,TRUE,27/8/1984
2745,ZEJ0E,TRUE,9/9/1984
838,L.FLN,TRUE,6/10/1984
-9047,OW0CX,TRUE,15/10/1984
8253,X7FV7,TRUE,20/12/1984
-1276,W9=XA,TRUE,24/12/1984
6444,MX92X,TRUE,8/1/1985
-1415,U</Y.,TRUE,10/1/1985
-6078,OB28H,TRUE,17/2/1985
2547,LSNOY,TRUE,16/3/1985
-2485,T=@ZR,TRUE,21/3/1985
6139,YGTSG,TRUE,18/4/1985
8379,WG<XE,TRUE,25/5/1985
-1360,M>5H<,TRUE,18/6/1985
1151,SVT9F,TRUE,27/6/1985
-199,P>-ZX,TRUE,25/7/1985
-2952,XGTUH,TRUE,1/8/1985
-917,U34?T,TRUE,6/9/1985
909,ZZ4AP,TRUE,6/9/1985
5708,W1N<J,TRUE,12/9/1985
2655,W5O@J,TRUE,21/9/1985
3681,PJ96.,TRUE,25/9/1985
-3722,SN4>V,TRUE,27/9/1985
8955,PN68I,TRUE,20/10/1985
-107,YC;I3,TRUE,10/11/1985
5936,TM826,TRUE,16/11/1985
-8779,T6D91,TRUE,17/11/1985
-9631,TTSJ.,TRUE,18/11/1985
1736,P-WZS,TRUE,5/12/1985
-4863,N31.N,TRUE,19/12/1985
-6729,MZRT<,TRUE,17/1/1986
-5484,L>3QV,TRUE,21/1/1986
-4746,T178T,TRUE,24/1/1986
-274,L@W?>,TRUE,19/3/1986
8744,YM3EZ,TRUE,27/3/1986
-1886,ZKJHS,TRUE,15/4/1986
-9513,U6Q4B,TRUE,23/4/1986
-6670,XH:-8,TRUE,11/5/1986
7731,VP88Z,TRUE,18/5/1986
1072,Y?U3R,TRUE,27/5/1986
-4222,XOS0B,TRUE,8/6/1986
-6762,T;:OD,TRUE,13/7/1986
3865,R3:>I,TRUE,26/7/1986
-7131,VL;TH,TRUE,10/8/1986
-8849,QX7H6,TRUE,22/8/1986
2012,OR-W/,TRUE,6/9/1986
-3220,OR70U,TRUE,17/9/1986
4071,K7RG;,TRUE,28/9/1986
-6557,N9VMT,TRUE,2/10/1986
-2679,M7=3Q,TRUE,22/10/1986
-510,V>YWE,TRUE,6/11/1986
6016,U;<CZ,TRUE,7/11/1986
6436,M:DA0,TRUE,16/11/1986
-6096,VPT@O,TRUE,3/12/1986
-1119,UAYX;,TRUE,15/12/1986
3785,N</JU,TRUE,24/12/1986
5596,R>@70,TRUE,26/12/1986
-2931,S3-ZA,TRUE,2/1/1987
8314,KR/KL,TRUE,24/1/1987
-7456,K6=W3,TRUE,13/2/1987
-7885,QM;FT,TRUE,17/2/1987
-3647,S;=6V,TRUE,5/3/1987
5041,XMVI4,TRUE,13/3/1987
4277,LCO2Q,TRUE,16/4/1987
-5611,U>TO7,TRUE,1/5/1987
-4237,ZF.NR,TRUE,10/5/1987
-9919,L29CL,TRUE,22/5/1987
-2,WS0GP,TRUE,27/5/1987
-4946,ZVFDF,TRUE,27/6/1987
9661,P8EBY,TRUE,7/7/1987
-5910,P2>31,TRUE,8/7/1987
9554,K7V<U,TRUE,26/7/1987
8191,UY/.6,TRUE,21/8/1987
8701,Q879N,TRUE,23/8/1987
-190,V;8IH,TRUE,28/8/1987
5595,RH6<6,TRUE,10/10/1987
-8467,SW<8Z,TRUE,18/10/1987
2914,UI9RB,TRUE,5/11/1987
-8459,KX><N,TRUE,16/11/1987
-5278,KP:KO,TRUE,17/11/1987
5382,R0KTC,TRUE,13/12/1987
-911,N88I6,TRUE,15/12/1987
-9424,M2<Q8,TRUE,16/12/1987
8368,W<EX<,TRUE,21/12/1987
-7147,LYLGC,TRUE,21/1/1988
3576,NI;MZ,TRUE,9/2/1988
-4493,LMJR2,TRUE,10/2/1988
5875,OCAFF,TRUE,3/3/1988
-1124,WGK9O,TRUE,18/3/1988
-2894,W4W2>,TRUE,26/3/1988
6544,Z>.BS,TRUE,1/4/1988
1144,NTVW2,TRUE,8/4/1988
1995,WLKT/,TRUE,26/5/1988
-5661,XPJP4,TRUE,8/6/1988
-139,KWC-7,TRUE,13/6/1988
5854,MA35W,TRUE,18/6/1988
-4587,O3SS;,TRUE,21/6/1988
-7911,N.=BG,TRUE,23/6/1988
-9338,Y2.;?,TRUE,16/7/1988
-6361,S7FY4,TRUE,24/7/1988
1597,WNPAV,TRUE,6/9/1988
3576,WP>Z@,TRUE,10/9/1988
-9081,O694O,TRUE,17/9/1988
-5176,OIVFW,TRUE,28/9/1988
-6263,NZI4P,TRUE,17/10/1988
706,NVSDI,TRUE,20/11/1988
3363,R>CU.,TRUE,26/11/1988
5519,U?0S/,TRUE,24/12/1988
-707,Q26YL,TRUE,19/1/1989
-3210,NK>.S,TRUE,5/2/1989
-3982,P<LU4,TRUE,4/3/1989
2975,W>A0T,TRUE,7/3/1989
7186,V?2I@,TRUE,24/3/1989
-2658,KZFG-,TRUE,1/4/1989
3746,XKU?N,TRUE,20/4/1989
-4063,XSNQA,TRUE,27/4/1989
8880,M84SE,TRUE,23/5/1989
7517,T4OW3,TRUE,13/6/1989
723,P;G46,TRUE,6/7/1989
6323,UXU8-,TRUE,16/7/1989
-311,RZ92L,TRUE,19/7/1989
7126,KSJ55,TRUE,21/7/1989
4569,KT.5>,TRUE,12/9/1989
9811,L2NPL,TRUE,23/10/1989
628,WXQ<1,TRUE,2/11/1989
717,YDVG6,TRUE,6/11/1989
-649,W:I7Y,TRUE,10/11/1989
3629,O?R05,TRUE,16/11/1989
-2440,LY5A-,TRUE,25/11/1989
-4019,L5TA;,TRUE,1/12/1989
-3291,YF5TO,TRUE,10/12/1989
1727,Z4F.J,TRUE,18/12/1989
8921,Z544<,TRUE,27/12/1989
2337,XJ=:W,TRUE,3/1/1990
99,V=APG,TRUE,19/2/1990
7706,ZB><G,TRUE,14/3/1990
-1583,XBA9@,TRUE,12/4/1990
-1736,UJN/6,TRUE,1/5/1990
-5115,Q<1;G,TRUE,3/5/1990
493,O>=Q4,TRUE,6/5/1990
5969,N8E5Q,TRUE,9/5/1990
8984,X59IO,TRUE,15/5/1990
-9408,PA>Y=,TRUE,26/5/1990
1475,S2.XG,TRUE,2/7/1990
2714,T8A-@,TRUE,15/7/1990
7873,K9.RP,TRUE,19/7/1990
-7701,Y9SDD,TRUE,27/7/1990
-678,Y.-?T,TRUE,23/8/1990
1297,ZJWY<,TRUE,5/10/1990
-4196,L2G@U,TRUE,11/10/1990
5505,WX5U=,TRUE,21/10/1990
-34,L72ND,TRUE,15/11/1990
-7932,KXNC2,TRUE,19/11/1990
-8532,OLS0V,TRUE,6/12/1990
-3020,U??DB,TRUE,10/12/1990
4557,TOSZ2,TRUE,23/12/1990
-4365,P>.6C,TRUE,13/1/1991
4406,YXO5A,TRUE,13/1/1991
-4690,S;.=<,TRUE,23/1/1991
-567,Q<1BZ,TRUE,25/1/1991
6778,YJGL6,TRUE,2/2/1991
8269,ZV9LW,TRUE,17/2/1991
9661,NC.O5,TRUE,18/2/1991
-337,PV/=E,TRUE,27/2/1991
-6390,ODL7J,TRUE,11/3/1991
8838,PH@I0,TRUE,17/3/1991
-4536,UY1:Q,TRUE,25/3/1991
-3172,M8M7@,TRUE,26/3/1991
-922,S?44@,TRUE,10/4/1991
-6870,YBAU<,TRUE,4/5/1991
6322,T29?Y,TRUE,12/6/1991
152,V/D=M,TRUE,13/6/1991
-6249,KESTH,TRUE,14/6/1991
-1762,R:SUM,TRUE,20/6/1991
1923,MW-UA,TRUE,20/7/1991
-5101,T=14=,TRUE,22/8/1991
-1501,W4?.R,TRUE,5/9/1991
-1468,QD35I,TRUE,11/9/1991
9915,T9/E8,TRUE,18/9/1991
-9337,YO2/U,TRUE,27/11/1991
7922,ZT?M1,TRUE,1/12/1991
-3100,RIDTF,TRUE,8/12/1991
890,T2?HE,TRUE,18/12/1991
6497,K;UEF,TRUE,24/12/1991
-7734,KHIMI,TRUE,25/12/1991
7903,QL<YQ,TRUE,26/12/1991
-2401,XEAVO,TRUE,17/1/1992
-39,VI=GN,TRUE,23/1/1992
-6516,Q6OLV,TRUE,16/3/1992
-8273,U.5E>,TRUE,11/4/1992
-47,PECT8,TRUE,22/4/1992
-7746,L8@L=,TRUE,27/4/1992
9457,M6095,TRUE,27/4/1992
5382,ZH6-U,TRUE,8/5/1992
-9414,Z7RXJ,TRUE,15/5/1992
2962,U3;4T,TRUE,5/6/1992
-3052,M8RB=,TRUE,8/6/1992
-6542,M;8J9,TRUE,1/7/1992
8740,PSGX2,TRUE,7/7/1992
-5827,UHJ?@,TRUE,26/7/1992
-3754,U5M<Y,TRUE,12/8/1992
1215,TS:70,TRUE,6/9/1992
2224,WUE1G,TRUE,1/10/1992
-8691,N8S4J,TRUE,2/10/1992
-4765,TS=17,TRUE,8/10/1992
-1041,Z3IM1,TRUE,15/10/1992
-3423,WIG9?,TRUE,25/10/1992
-9278,W9IJ<,TRUE,3/11/1992
-2760,MIBW1,TRUE,5/12/1992
9549,QLHV<,TRUE,8/12/1992
8035,WF?Q7,TRUE,1/1/1993
-3039,MWS?H,TRUE,4/1/1993
-8485,N00HG,TRUE,4/1/1993
-9391,TMFXO,TRUE,6/1/1993
4927,RA:K:,TRUE,11/1/1993
5474,M8UT9,TRUE,13/1/1993
-4079,LX=A>,TRUE,4/2/1993
-4188,M0LI9,TRUE,28/2/1993
4080,WVU/<,TRUE,3/4/1993
-6329,Q<U8C,TRUE,5/4/1993
-6054,SI3V:,TRUE,25/4/1993
1857,K9POX,TRUE,21/5/1993
-6620,Y.<JZ,TRUE,10/6/1993
-5221,K<?X>,TRUE,12/6/1993
7813,U>-C@,TRUE,11/7/1993
3637,W-5K7,TRUE,13/7/1993
1884,YVVW7,TRUE,13/7/1993
-5101,QDE62,TRUE,14/7/1993
-5007,PF0=<,TRUE,25/7/1993
-3495,WCT/V,TRUE,3/8/1993
4947,NPQ4O,TRUE,10/8/1993
-9955,THY.G,TRUE,17/8/1993
-4549,V6X64,TRUE,17/8/1993
-9742,V@S.S,TRUE,26/8/1993
5376,Y/D8?,TRUE,8/9/1993
5171,W;OT<,TRUE,2/10/1993
1175,TE=@3,TRUE,16/10/1993
2170,OG6?=,TRUE,19/10/1993
-7468,KSN3B,TRUE,23/10/1993
6968,R872G,TRUE,17/11/1993
6453,RLSIU,TRUE,19/11/1993
8748,QL0XF,TRUE,27/11/1993
-5056,XV.W5,TRUE,19/12/1993
-900,X5XG;,TRUE,13/1/1994
6934,STUJK,TRUE,20/2/1994
2259,RHM;Z,TRUE,21/2/1994
2289,WHAGK,TRUE,17/3/1994
1576,X9I1U,TRUE,10/4/1994
-2183,S;P<S,TRUE,19/4/1994
3175,RLKNN,TRUE,8/5/1994
-2542,Q=T64,TRUE,27/5/1994
-6648,W?V:.,TRUE,10/7/1994
110,KN0H4,TRUE,27/7/1994
-4626,P2-O@,TRUE,7/8/1994
-824,R>=RW,TRUE,28/8/1994
8510,ZLVU3,TRUE,9/9/1994
-4518,SYX-B,TRUE,21/9/1994
431,S4C96,TRUE,24/9/1994
975,U4X0P,TRUE,9/10/1994
8158,RG3AO,TRUE,7/11/1994
-6483,RUR/K,TRUE,14/12/1994
-1884,Y2UT.,TRUE,26/12/1994
5283,N9D1.,TRUE,15/1/1995
-474,Z@D=2,TRUE,19/1/1995
4388,XUO9P,TRUE,4/2/1995
-4936,Q0/BE,TRUE,26/2/1995
9174,SL=C@,TRUE,27/2/1995
-8453,U613P,TRUE,9/3/1995
-5156,WQU1<,TRUE,5/4/1995
5799,Y1?8/,TRUE,20/4/1995
-786,NNR:Z,TRUE,4/5/1995
5797,Q/L;W,TRUE,8/5/1995
9688,P8E0G,TRUE,13/5/1995
5981,YSOZ<,TRUE,15/5/1995
5508,PEE=5,TRUE,12/6/1995
522,ZHT;7,TRUE,22/6/1995
6010,OF9>G,TRUE,5/7/1995
8584,X<JEO,TRUE,9/7/1995
-9614,NNHN-,TRUE,24/7/1995
-6241,U=ZJ=,TRUE,3/8/1995
2706,K=.Y4,TRUE,24/8/1995
-8357,U17Z>,TRUE,27/8/1995
6816,PV.2E,TRUE,6/9/1995
-3504,QNV8E,TRUE,17/9/1995
6121,KBX.Z,TRUE,27/9/1995
-3879,NH-=1,TRUE,1/10/1995
4389,W5B7E,TRUE,5/10/1995
-7018,R56M>,TRUE,21/10/1995
9382,PBUI4,TRUE,17/11/1995
-7324,KB6JF,TRUE,23/11/1995
2165,NPWO7,TRUE,24/12/1995
1954,UI6<W,TRUE,6/1/1996
5472,NZXE4,TRUE,17/1/1996
-1235,VBW80,TRUE,19/1/1996
-3863,ZIN>E,TRUE,2/2/1996
-7847,MKE?2,TRUE,11/2/1996
9741,NN?H=,TRUE,11/2/1996
-2331,Z>FCH,TRUE,15/2/1996
-2077,SJ-75,TRUE,16/3/1996
9299,MZGI.,TRUE,14/4/1996
1633,ZWS.G,TRUE,25/4/1996
9651,ML7;:,TRUE,27/4/1996
-4794,P5QA.,TRUE,5/5/1996
-4167,UL:X;,TRUE,10/5/1996
3531,L;VFM,TRUE,15/5/1996
3415,XEL>8,TRUE,22/5/1996
4555,KS>D8,TRUE,5/6/1996
7550,Q7W7:,TRUE,19/8/1996
5936,K92PD,TRUE,23/8/1996
-9202,K7FXE,TRUE,24/8/1996
-3776,WJNP2,TRUE,9/9/1996
-3721,WK7O=,TRUE,26/9/1996
5602,UN2AE,TRUE,27/9/1996
-9261,S5.L:,TRUE,27/10/1996
1057,RGOB?,TRUE,11/11/1996
2410,RWTRN,TRUE,28/11/1996
4302,MQDVF,TRUE,24/12/1996
77,SDYST,TRUE,16/2/1997
-6462,NQF@.,TRUE,19/2/1997
2515,SJF.P,TRUE,9/3/1997
1393,RWWI8,TRUE,24/3/1997
-359,XS1=<,TRUE,26/3/1997
6429,YYC9Q,TRUE,11/4/1997
-2763,Y8FGB,TRUE,20/4/1997
6788,RPOQI,TRUE,1/7/1997
-7566,MY:JW,TRUE,11/7/1997
-605,M66<E,TRUE,25/9/1997
-9644,MGH0Q,TRUE,6/10/1997
-8925,P-C9:,TRUE,23/10/1997
-6951,U=E.W,TRUE,2/11/1997
7191,RQ-Q8,TRUE,15/11/1997
3462,L/33M,TRUE,20/11/1997
-4777,O;9R;,TRUE,1/1/1998
4758,UL5JX,TRUE,27/1/1998
2245,YUM=@,TRUE,9/2/1998
1522,SX-KM,TRUE,13/3/1998
1840,SC/OX,TRUE,15/3/1998
-7819,WZTCE,TRUE,25/3/1998
-1354,V0DKX,TRUE,3/4/1998
-9,M;?@E,TRUE,15/4/1998
-7313,PDPVP,TRUE,22/4/1998
2482,M21<.,TRUE,6/5/1998
6668,K7VUZ,TRUE,19/6/1998
-4157,KCV6:,TRUE,28/6/1998
7704,UA1H/,TRUE,18/7/1998
9174,L6RZS,TRUE,2/8/1998
4522,MSQN2,TRUE,17/8/1998
-5058,ZDP:H,TRUE,18/8/1998
-8420,ZB@9B,TRUE,28/8/1998
-8611,X74G<,TRUE,7/9/1998
9784,QM5K=,TRUE,15/10/1998
-2045,OPOTH,TRUE,22/11/1998
-1243,TVFRO,TRUE,9/12/1998
4878,RXZ>:,TRUE,20/12/1998
-3167,TS6/L,TRUE,23/12/1998
-4920,O401T,TRUE,13/2/1999
-6386,RO-61,TRUE,11/3/1999
-2758,N>58<,TRUE,12/3/1999
-6813,KE49B,TRUE,17/3/1999
8758,UN-LF,TRUE,1/4/1999
5145,OVIF5,TRUE,13/4/1999
-4028,YF2DS,TRUE,4/5/1999
-8382,N<<L1,TRUE,13/5/1999
-2038,O/IN6,TRUE,27/5/1999
8984,WT9OU,TRUE,8/6/1999
-6770,S8;.9,TRUE,20/6/1999
6783,NFJ8G,TRUE,19/7/1999
9081,UF9P5,TRUE,28/8/1999
-3310,UW=.@,TRUE,7/9/1999
1893,VDY3W,TRUE,24/9/1999
226,RVR:M,TRUE,28/9/1999
-4583,ZPNN>,TRUE,24/10/1999
2618,K=P@K,TRUE,2/11/1999
4688,LCNP8,TRUE,2/11/1999
-6922,KPW6I,TRUE,24/11/1999
8799,O?MXQ,TRUE,1/12/1999
-702,M:02B,TRUE,21/12/1999
5876,M1PX=,TRUE,24/12/1999
-9845,V:O4?,TRUE,10/1/2000
-3316,Q>9?I,TRUE,13/1/2000
7689,V3>X1,TRUE,16/1/2000
5802,NT548,TRUE,3/2/2000
9817,LCIME,TRUE,12/2/2000
9042,NH6CF,TRUE,1/3/2000
9518,R3ED5,TRUE,16/3/2000
-7143,VE<QQ,TRUE,19/3/2000
2136,X.R4<,TRUE,25/4/2000
9012,O.U<B,TRUE,8/5/2000
4848,PRM7H,TRUE,27/5/2000
1966,MCU=3,TRUE,2/6/2000
7458,XSL62,TRUE,2/6/2000
-656,LXB>G,TRUE,10/6/2000
636,WUH.V,TRUE,10/6/2000
8497,X;YKV,TRUE,5/8/2000
3398,Z/84<,TRUE,5/8/2000
-7036,L164=,TRUE,12/8/2000
4424,OO046,TRUE,13/8/2000
7104,S/T1=,TRUE,17/9/2000
2724,UW:;O,TRUE,28/10/2000
9091,R?1CD,TRUE,14/11/2000
8549,LOV0M,TRUE,23/11/2000
521,L=WRP,TRUE,28/1/2001
-3594,ZTG.Y,TRUE,17/3/2001
-4031,NAN7D,TRUE,20/3/2001
-9156,U@CUQ,TRUE,5/5/2001
-6065,XP7GF,TRUE,16/5/2001
7695,N/@;L,TRUE,25/5/2001
4672,S?WAJ,TRUE,15/6/2001
8487,T?VOP,TRUE,9/7/2001
-1630,M066:,TRUE,18/7/2001
-4385,QI-<@,TRUE,2/8/2001
7575,RH.I<,TRUE,12/8/2001
2463,KFW-Q,TRUE,15/8/2001
5919,S20W-,TRUE,18/8/2001
-6876,ZBD=;,TRUE,10/9/2001
1774,WS4Z5,TRUE,23/9/2001
2570,MBJL/,TRUE,2/10/2001
5049,PEBYH,TRUE,18/10/2001
1966,XXG?E,TRUE,1/11/2001
7274,Y?/GS,TRUE,13/12/2001
-1303,TOB1=,TRUE,3/1/2002
6943,ZRNV/,TRUE,23/1/2002
-4855,PLFK2,TRUE,11/2/2002
7106,R>;X?,TRUE,14/2/2002
-6769,NASAS,TRUE,16/2/2002
8990,YTX7X,TRUE,18/2/2002
-7583,O1KJF,TRUE,8/3/2002
2381,LH650,TRUE,12/4/2002
2411,U6PS0,TRUE,4/5/2002
4928,RS/0H,TRUE,7/5/2002
9313,OHVD2,TRUE,8/5/2002
8135,Q8-LG,TRUE,13/5/2002
2168,OF<D?,TRUE,1/6/2002
-4859,UO5CS,TRUE,13/6/2002
-7965,UN<VQ,TRUE,22/6/2002
11,N/-L9,TRUE,8/7/2002
-5244,TPIJA,TRUE,1/8/2002
-2952,S;N>8,TRUE,4/8/2002
-4225,QY/2T,TRUE,15/8/2002
-9237,Y1RKC,TRUE,26/8/2002
-5907,ZIN-U,TRUE,26/8/2002
6224,WV7UW,TRUE,4/9/2002
4234,M=F?K,TRUE,21/9/2002
3213,K:X0A,TRUE,7/12/2002
9573,Y=VBW,TRUE,3/1/2003
7783,M?;U-,TRUE,6/1/2003
5747,OY=2-,TRUE,13/1/2003
-312,LU3=T,TRUE,14/1/2003
-7196,W3CK1,TRUE,12/2/2003
-9429,W?.9U,TRUE,19/2/2003
995,OLEX?,TRUE,27/4/2003
-8597,U05B.,TRUE,18/6/2003
8235,LWKJ<,TRUE,26/6/2003
3075,TFC4J,TRUE,3/7/2003
4123,ZM0-V,TRUE,3/7/2003
5108,TQHKA,TRUE,15/7/2003
6929,O91H0,TRUE,7/8/2003
-4302,RZLI<,TRUE,9/8/2003
-1903,P61F<,TRUE,6/9/2003
1477,OMR8D,TRUE,9/10/2003
7905,OQ9//,TRUE,12/10/2003
-1514,VXK7X,TRUE,20/10/2003
-3804,KA<VV,TRUE,27/10/2003
-1893,Q7FMM,TRUE,1/11/2003
3453,PPQC9,TRUE,7/11/2003
-2629,QTN=H,TRUE,9/11/2003
-6690,RX1P:,TRUE,21/11/2003
2154,Q>Q4J,TRUE,3/12/2003
-7308,WDKL3,TRUE,20/12/2003
-6960,UF2XX,TRUE,1/3/2004
-2487,X3S4W,TRUE,10/3/2004
5489,Q?/;<,TRUE,23/3/2004
-2679,ZP?0Y,TRUE,24/3/2004
2951,O:V0@,TRUE,11/4/2004
-1563,OS?</,TRUE,24/4/2004
9242,V0ZM9,TRUE,8/5/2004
-102,M=<2>,TRUE,9/5/2004
-3523,TKZU3,TRUE,9/5/2004
-5918,U.<OB,TRUE,28/5/2004
-7342,R@2JD,TRUE,24/6/2004
-1104,QRZF1,TRUE,14/7/2004
9830,S-B21,TRUE,1/8/2004
1650,PV=XO,TRUE,8/8/2004
2985,L0D>N,TRUE,11/8/2004
-3457,N@0F=,TRUE,14/8/2004
-2383,M8?MQ,TRUE,18/8/2004
-5185,ZW8EE,TRUE,27/8/2004
3849,XZ<::,TRUE,2/9/2004
-818,PA7EE,TRUE,2/10/2004
5965,Q?XCB,TRUE,2/10/2004
5958,P7:S<,TRUE,3/10/2004
4051,W:G45,TRUE,7/10/2004
1856,W55;.,TRUE,2/11/2004
-9685,QZKXA,TRUE,6/12/2004
-722,O4>0=,TRUE,10/12/2004
4925,MVM7.,TRUE,20/12/2004
120,TCKXV,TRUE,10/1/2005
5413,S<BFS,TRUE,12/1/2005
-339,ZMQ4=,TRUE,12/1/2005
-5675,SCGH9,TRUE,7/2/2005
1172,W70:K,TRUE,7/3/2005
-6593,O8WT7,TRUE,16/3/2005
-1217,UA1/>,TRUE,25/3/2005
2916,SUH.6,TRUE,27/3/2005
-5218,NFFCE,TRUE,1/4/2005
-6226,OD.E<,TRUE,2/4/2005
5337,P@DX6,TRUE,13/4/2005
-5556,Q9=1R,TRUE,7/5/2005
9010,W0745,TRUE,18/5/2005
2064,N3G4;,TRUE,26/5/2005
8803,UVNBB,TRUE,8/6/2005
-6987,Y<FT5,TRUE,10/6/2005
402,KV?30,TRUE,1/7/2005
6055,Q24IM,TRUE,3/7/2005
4067,SG9Q?,TRUE,24/7/2005
-4242,YLWVF,TRUE,28/7/2005
5947,O<P<V,TRUE,11/8/2005
8392,YZVDY,TRUE,18/8/2005
7724,N7K2-,TRUE,18/9/2005
-3254,XBD9R,TRUE,1/10/2005
-6488,TIJKC,TRUE,2/10/2005
-9226,U9JYF,TRUE,11/10/2005
-1637,RFBLT,TRUE,13/10/2005
4751,K<VB2,TRUE,10/11/2005
-6707,YU@V6,TRUE,12/12/2005
8546,OX4U=,TRUE,27/12/2005
-3554,P2G/H,TRUE,27/12/2005
5586,QX07D,TRUE,28/12/2005
-557,S//1K,TRUE,8/1/2006
-9461,TW2LB,TRUE,18/1/2006
5983,NREB1,TRUE,24/1/2006
-4897,W308O,TRUE,17/2/2006
3024,VR:DG,TRUE,20/2/2006
2741,KM=/@,TRUE,6/3/2006
-4442,SR>=-,TRUE,16/3/2006
-9167,P6-LT,TRUE,5/5/2006
-2501,U@TT:,TRUE,11/5/2006
-4753,TY/DZ,TRUE,12/6/2006
-6158,K:EZ3,TRUE,13/6/2006
2455,Y-G08,TRUE,13/6/2006
-1262,RA3CF,TRUE,15/6/2006
7038,X7LD:,TRUE,21/6/2006
-8570,VKL<>,TRUE,5/7/2006
7549,VW5B1,TRUE,14/7/2006
2870,Y-/XI,TRUE,2/9/2006
-6708,QL>3C,TRUE,11/9/2006
9726,Y<27=,TRUE,11/9/2006
2809,TTBY4,TRUE,2/10/2006
-9142,WN;5B,TRUE,3/10/2006
-1240,P0SG>,TRUE,17/10/2006
-6065,PL/YM,TRUE,23/10/2006
-8607,P1.@-,TRUE,8/12/2006
-8391,TX/LC,TRUE,13/12/2006
-6967,N1VL<,TRUE,14/12/2006
-233,VG5GV,TRUE,14/12/2006
9170,WP=W>,TRUE,17/12/2006
6748,SWJ5Z,TRUE,19/12/2006
2228,X1NN5,TRUE,22/12/2006
5151,WZ?5=,TRUE,4/1/2007
-3413,VTEQ4,TRUE,27/1/2007
7419,S>THD,TRUE,3/2/2007
-6257,Q5YFL,TRUE,4/2/2007
6433,XA8K?,TRUE,23/3/2007
2902,RYAU1,TRUE,6/4/2007
-5189,KWGDN,TRUE,17/4/2007
-6502,Y96=?,TRUE,25/4/2007
5031,WT<.M,TRUE,18/5/2007
5091,QV.V2,TRUE,5/6/2007
-7033,SHMUB,TRUE,23/6/2007
-8385,X4G0T,TRUE,1/7/2007
-5654,X;BT9,TRUE,13/7/2007
-302,USKJ;,TRUE,7/8/2007
-443,OBGNG,TRUE,7/9/2007
2509,LD7MQ,TRUE,15/9/2007
-5854,K<F=.,TRUE,1/10/2007
-5161,XRDXO,TRUE,1/10/2007
-7444,VM@6:,TRUE,23/10/2007
1518,PSR6C,TRUE,26/10/2007
4997,OUXWY,TRUE,27/10/2007
-4931,WK9@5,TRUE,13/11/2007
9251,LTD:W,TRUE,13/12/2007
2798,SE=RQ,TRUE,2/1/2008
-1481,Y>U@S,TRUE,4/1/2008
-5528,PPN79,TRUE,20/1/2008
3670,SVFLH,TRUE,17/3/2008
-8753,TP001,TRUE,19/3/2008
3959,WS7E3,TRUE,20/3/2008
2033,QI?KX,TRUE,5/4/2008
-7966,O=1?G,TRUE,11/4/2008
-866,QPK-@,TRUE,14/4/2008
415,KJLC/,TRUE,16/4/2008
6312,U-.OX,TRUE,18/4/2008
-855,T?I3F,TRUE,23/5/2008
7744,LH?KT,TRUE,1/6/2008
-789,V/6S0,TRUE,27/6/2008
9356,VS053,TRUE,4/7/2008
1593,XF>VO,TRUE,13/7/2008
-85,T@9R8,TRUE,1/8/2008
2212,M4YR2,TRUE,1/9/2008
3689,W.DTV,TRUE,10/9/2008
-7096,WG4BL,TRUE,15/9/2008
-6511,U;M5F,TRUE,20/9/2008
-2619,MYI2S,TRUE,21/10/2008
2031,W9N0/,TRUE,9/11/2008
-7303,PS7RY,TRUE,5/12/2008
-5774,WXK9G,TRUE,7/12/2008
5114,S8/L@,TRUE,9/12/2008
-4627,P<IJ0,TRUE,12/1/2009
8694,YB9Z?,TRUE,6/2/2009
-2844,P7-4C,TRUE,12/2/2009
8421,S3Q4Z,TRUE,2/3/2009
-1722,UQHE0,TRUE,4/3/2009
2800,XGO29,TRUE,5/4/2009
2742,QHQ4C,TRUE,1/5/2009
-8294,ZSRKT,TRUE,16/5/2009
8987,Z@LL0,TRUE,3/6/2009
-1732,RK-D9,TRUE,5/6/2009
5794,PGIP?,TRUE,8/6/2009
-1383,ZXD:Y,TRUE,23/7/2009
3486,PPAL-,TRUE,15/8/2009
-8093,QUV.<,TRUE,10/10/2009
6514,SU>;A,TRUE,10/10/2009
1086,XT/20,TRUE,16/10/2009
-5187,KSJVJ,TRUE,5/11/2009
-4191,W=:4.,TRUE,11/11/2009
-4784,RI0?Y,TRUE,14/12/2009
3052,TB6TR,TRUE,24/12/2009
-3758,T4JTW,TRUE,25/12/2009
6545,L>.ZE,TRUE,19/1/2010
8030,LI5KN,TRUE,10/2/2010
3547,Q827Z,TRUE,14/2/2010
-7920,L6PQ5,TRUE,20/2/2010
3459,SQHE7,TRUE,25/2/2010
-8722,VLE0>,TRUE,7/3/2010
316,VDJCX,TRUE,10/3/2010
-3648,OLM27,TRUE,17/4/2010
2040,SII6<,TRUE,8/5/2010
-3160,UU<:?,TRUE,24/5/2010
-191,SKS@/,TRUE,4/6/2010
-803,ZSP4M,TRUE,9/6/2010
-8024,N26/U,TRUE,17/6/2010
5361,KGN/M,TRUE,18/7/2010
7460,OLXK6,TRUE,24/8/2010
3814,X9/Y4,TRUE,6/9/2010
2859,Y?@6D,TRUE,7/9/2010
-4061,U-R@N,TRUE,9/9/2010
5203,UK5<F,TRUE,16/10/2010
-719,Y<MH-,TRUE,23/10/2010
4621,YUC@8,TRUE,23/11/2010
-8030,R@?:F,TRUE,7/12/2010
8334,LB143,TRUE,12/12/2010
-4338,X/U9J,TRUE,13/1/2011
-7681,R<81R,TRUE,12/2/2011
-1976,Z9L:E,TRUE,26/2/2011
3876,P03A<,TRUE,3/3/2011
913,N?XY=,TRUE,10/3/2011
183,Q3FFS,TRUE,25/4/2011
6698,ZBA-O,TRUE,3/5/2011
159,PJNCS,TRUE,10/5/2011
6917,PPHIR,TRUE,18/5/2011
5999,P9@TQ,TRUE,14/6/2011
-7302,W7IEN,TRUE,16/6/2011
-5523,TAB.8,TRUE,15/7/2011
-8953,R.5WW,TRUE,1/8/2011
-3449,ST4NF,TRUE,5/8/2011
-2003,LJKX7,TRUE,12/8/2011
7959,QR6D=,TRUE,28/8/2011
5000,OC3/S,TRUE,21/9/2011
8142,Z<N1Z,TRUE,27/9/2011
7961,KNLPW,TRUE,3/10/2011
-7462,RD?AZ,TRUE,16/12/2011
6949,VZY=8,TRUE,23/12/2011
-4432,T.CBR,TRUE,12/1/2012
-3808,O?W/H,TRUE,4/2/2012
-1384,KZT05,TRUE,20/2/2012
-556,W<A.X,TRUE,3/3/2012
4,QJLMB,TRUE,15/3/2012
4066,YCD?C,TRUE,23/3/2012
228,L=UEI,TRUE,4/4/2012
1637,L3=21,TRUE,4/5/2012
3069,M8S81,TRUE,8/5/2012
-691,NBL0G,TRUE,18/6/2012
-2769,LTORV,TRUE,3/7/2012
-6990,Y@0VF,TRUE,7/7/2012
8228,Q/L/?,TRUE,11/7/2012
-916,NG.CO,TRUE,27/7/2012
-6440,M?ZXG,TRUE,11/9/2012
5430,ZJH;K,TRUE,15/9/2012
8510,P14K:,TRUE,5/10/2012
-8271,KQ2WQ,TRUE,7/11/2012
-4737,OSAV7,TRUE,20/12/2012
7643,W31CL,TRUE,20/12/2012
-1016,VVFNZ,TRUE,12/1/2013
-4801,NJV1-,TRUE,4/2/2013
-3996,P/J9;,TRUE,4/4/2013
9579,X:IG?,TRUE,17/5/2013
8042,R@RI9,TRUE,24/5/2013
-5466,ZYDFK,TRUE,5/6/2013
420,ZHJB.,TRUE,12/6/2013
5289,Q/T2I,TRUE,15/6/2013
-9791,LHPSI,TRUE,3/7/2013
6957,YU3GT,TRUE,14/7/2013
9594,VK-B5,TRUE,21/7/2013
5014,NYJEC,TRUE,13/8/2013
-3438,NAR4D,TRUE,12/9/2013
2048,YHL0A,TRUE,14/11/2013
4647,YZJUP,TRUE,1/12/2013
-9515,O/Q@T,TRUE,2/12/2013
1364,S3YC:,TRUE,17/12/2013
-4119,K?OUO,TRUE,9/2/2014
-918,LFZ=4,TRUE,16/2/2014
-814,TJV.A,TRUE,21/2/2014
3429,TN0<U,TRUE,4/3/2014
-8780,SC2@6,TRUE,13/3/2014
9464,N@8NK,TRUE,3/5/2014
1559,XXIKK,TRUE,27/5/2014
-7436,QLAUZ,TRUE,3/6/2014
2430,NN4NN,TRUE,5/6/2014
-8790,KRENS,TRUE,7/6/2014
-4741,O-43@,TRUE,10/6/2014
-1027,NH6Y6,TRUE,13/6/2014
6628,PCN>I,TRUE,13/6/2014
-9765,W>0LA,TRUE,26/6/2014
7817,XK7EN,TRUE,4/7/2014
5125,UNQTG,TRUE,28/8/2014
-1272,T/3IR,TRUE,15/9/2014
1001,W7B>J,TRUE,16/9/2014
-1083,M:PR1,TRUE,28/9/2014
-5504,KS9H=,TRUE,3/10/2014
3228,KB1AI,TRUE,19/10/2014
2851,RANIT,TRUE,21/10/2014
1764,KHUT=,TRUE,27/10/2014
7125,UO3XB,TRUE,3/11/2014
2180,OU;XG,TRUE,5/11/2014
-9774,ZDT-B,TRUE,15/11/2014
1267,KOJQ?,TRUE,19/11/2014
-939,R?<AO,TRUE,24/11/2014
-7764,Y.8UO,TRUE,4/12/2014
-2465,YRFKL,TRUE,10/12/2014
-6175,OT8NG,TRUE,26/1/2015
-6134,X/P;L,TRUE,28/1/2015
3791,Q-3-Z,TRUE,15/2/2015
2850,T7R7R,TRUE,24/2/2015
5498,Z7G/A,TRUE,26/2/2015
4683,RBTIJ,TRUE,2/3/2015
-5659,SSR21,TRUE,20/3/2015
-4372,MJMZE,TRUE,24/3/2015
-9880,LD2OQ,TRUE,27/3/2015
-9865,KOF;6,TRUE,8/4/2015
6078,MB9RW,TRUE,17/4/2015
8083,OM-;F,TRUE,24/6/2015
5284,OJ759,TRUE,3/7/2015
6231,U?1C>,TRUE,8/8/2015
7004,OG/EQ,TRUE,14/8/2015
-1713,YM@.;,TRUE,13/9/2015
-8420,ZR7?C,TRUE,6/12/2015
1685,QP62G,TRUE,18/12/2015
716,UMYYS,TRUE,23/1/2016
5504,Z8CJH,TRUE,27/2/2016
7828,K@6UB,TRUE,13/3/2016
-8241,SF<>X,TRUE,17/3/2016
-1944,WDCKS,TRUE,18/3/2016
-2482,V<XZ?,TRUE,18/4/2016
-3776,THRTB,TRUE,3/6/2016
-6898,VE<TQ,TRUE,16/6/2016
-3367,PVRA7,TRUE,21/6/2016
1430,Q46?8,TRUE,18/7/2016
2044,PH.M?,TRUE,20/7/2016
-7267,QU08X,TRUE,12/8/2016
9845,NJRD:,TRUE,2/9/2016
2288,RDO;N,TRUE,5/9/2016
-7856,Z0::R,TRUE,9/9/2016
-6606,T.<=W,TRUE,22/11/2016
2140,LUKP0,TRUE,1/12/2016
-6817,ZH-D9,TRUE,11/1/2017
3804,NVSM-,TRUE,13/1/2017
2604,T5/P;,TRUE,15/1/2017
8781,O@YQ<,TRUE,17/2/2017
4110,PEKU2,TRUE,21/2/2017
1922,N5W.A,TRUE,23/2/2017
9832,V8W@6,TRUE,18/3/2017
-1127,ZSJ6T,TRUE,21/3/2017
37,W;H;K,TRUE,23/3/2017
-596,O:K60,TRUE,17/5/2017
-3672,Q/.J2,TRUE,17/5/2017
-3267,ZO36G,TRUE,18/5/2017
3458,ZLL7M,TRUE,6/6/2017
7812,Y1.@2,TRUE,7/6/2017
2099,ZNS4X,TRUE,9/6/2017
893,XLR/>,TRUE,22/6/2017
-3513,LV4QU,TRUE,21/8/2017
994,Q>-X/,TRUE,25/8/2017
-445,QA52J,TRUE,12/9/2017
5641,UTP2G,TRUE,12/9/2017
-8537,UC.NI,TRUE,25/9/2017
1170,V1CIT,TRUE,28/9/2017
7583,WC4E?,TRUE,8/10/2017
7747,WZA;Y,TRUE,14/11/2017
2994,OP6Y?,TRUE,9/12/2017
8273,YXYU-,TRUE,10/12/2017
-8276,W1TNB,TRUE,14/12/2017
5060,Y2>RP,TRUE,22/12/2017
